Model,MAE,MSE,RMSE,R2
Linear Regression,0.10285330434872939,0.02320609994823747,0.15233548486231785,0.8873599340917482
Random Forest,0.014160299967294452,0.003419164075238473,0.058473618626167415,0.9834037228295555
LSTM,0.07844939673625334,0.01365530548657688,0.1168559176361081,0.9337185260153051
