Model,MAE,MSE,RMSE,R2
LSTM,0.04675940542615865,0.004124552523592097,0.06422267919973518,0.9799798385279839
