Model,MAE,MSE,RMSE,R2
Linear Regression,0.10285330434872939,0.02320609994823747,0.15233548486231785,0.8873599340917482
