Model,MAE,MSE,RMSE,R2
Random Forest,0.01416029996729446,0.0034191640752384736,0.05847361862616742,0.9834037228295555
