Model,MAE,MSE,RMSE,R2
Linear Regression,0.1028533043487293,0.0232060999482374,0.1523354848623178,0.8873599340917482
Random Forest,0.0141602999672944,0.0034191640752384,0.0584736186261674,0.9834037228295556
LSTM,0.0467594054261586,0.004124552523592,0.0642226791997351,0.979979838527984
